url,company_name,connect_phone,good_count,good_price,company_address
https://www.cjdropshipping.cn/product/1600-ml-cooling-water-kettle-tea-pot-coffee-pot-with-4-cups-large-capacity-water-kettle-set-p-1860949446168039424.html,dlober,暂无,100,28.41 -- 30.69,暂无
https://www.cjdropshipping.cn/product/1600-ml-cooling-water-kettle-tea-pot-coffee-pot-with-4-cups-large-capacity-water-kettle-set-p-1863877569872285696.html,广州尚潮牌服装有限公司,"['18028699626', '13800138000', '13760850228', '17576091381']",10000,21.20,<em>广州</em>市海珠区南华东路富基南二街23号二层1165房（仅限办公）
https://www.cjdropshipping.cn/product/1600-ml-cooling-water-kettle-tea-pot-coffee-pot-with-4-cups-large-capacity-water-kettle-set-p-1866730612410175488.html,adong,['020-82031803'],25,19.27,广州市黄埔区黄埔大道东983号3808房
https://www.cjdropshipping.cn/product/1600-ml-cooling-water-kettle-tea-pot-coffee-pot-with-4-cups-large-capacity-water-kettle-set-p-1861333729655279616.html,北斯集团,[],164,11.37,浙江省义乌市福田街道中福广场1号楼1701室（自主申报）
https://www.cjdropshipping.cn/product/1600-ml-cooling-water-kettle-tea-pot-coffee-pot-with-4-cups-large-capacity-water-kettle-set-p-1869996204292067329.html,yoonyo,['18822303963'],45,82.95,延吉市延河西路6777-158号万达广场购物中心10-58
https://www.cjdropshipping.cn/product/1600-ml-cooling-water-kettle-tea-pot-coffee-pot-with-4-cups-large-capacity-water-kettle-set-p-1859645365955383298.html,bybyb,"['13356602788', '0546-7363188', '0546-7361789']",20,5.73 -- 6.60,东营区北二路（八分场）
https://www.cjdropshipping.cn/product/1600-ml-cooling-water-kettle-tea-pot-coffee-pot-with-4-cups-large-capacity-water-kettle-set-p-1852161168442806272.html,广州尚潮牌服装有限公司,"['18028699626', '13800138000', '13760850228', '17576091381']",100,11.70,<em>广州</em>市海珠区南华东路富基南二街23号二层1165房（仅限办公）
https://www.cjdropshipping.cn/product/1600-ml-cooling-water-kettle-tea-pot-coffee-pot-with-4-cups-large-capacity-water-kettle-set-p-1857996221559230464.html,dlober,暂无,100,15.36 -- 17.63,暂无
https://www.cjdropshipping.cn/product/1600-ml-cooling-water-kettle-tea-pot-coffee-pot-with-4-cups-large-capacity-water-kettle-set-p-1857595536732737536.html,越域网,['18650930228'],50,24.22,将乐县水南镇溪南路43号004幢308室
https://www.cjdropshipping.cn/product/1600-ml-cooling-water-kettle-tea-pot-coffee-pot-with-4-cups-large-capacity-water-kettle-set-p-1868907408022982656.html,万邑链,"['16675586621', '0755-86039066', '15019400546']",887,11.48,深圳市前海深港合作区前湾一路1号A栋201室（入驻深圳市前海商务秘书有限公司）
https://www.cjdropshipping.cn/product/1600-ml-cooling-water-kettle-tea-pot-coffee-pot-with-4-cups-large-capacity-water-kettle-set-p-1861331531131146240.html,北斯集团,[],52,9.18,浙江省义乌市福田街道中福广场1号楼1701室（自主申报）
https://www.cjdropshipping.cn/product/1600-ml-cooling-water-kettle-tea-pot-coffee-pot-with-4-cups-large-capacity-water-kettle-set-p-1873908193624219649.html,adong,['020-82031803'],50,20.57,广州市黄埔区黄埔大道东983号3808房
https://www.cjdropshipping.cn/product/1600-ml-cooling-water-kettle-tea-pot-coffee-pot-with-4-cups-large-capacity-water-kettle-set-p-1858320894931128320.html,大建云仓,"['0512-62858881', '0512-62852287']",411,237.40,中国（江苏）自由贸易试验区苏州片区苏州工业园区星湖街328号创意产业园18号楼
https://www.cjdropshipping.cn/product/1600-ml-cooling-water-kettle-tea-pot-coffee-pot-with-4-cups-large-capacity-water-kettle-set-p-1859496911137820672.html,dlober,暂无,100,28.41 -- 30.69,暂无
https://www.cjdropshipping.cn/product/1600-ml-cooling-water-kettle-tea-pot-coffee-pot-with-4-cups-large-capacity-water-kettle-set-p-1855888067560099840.html,广州尚潮牌服装有限公司,"['18028699626', '13800138000', '13760850228', '17576091381']",100,21.20,<em>广州</em>市海珠区南华东路富基南二街23号二层1165房（仅限办公）
https://www.cjdropshipping.cn/product/1600-ml-cooling-water-kettle-tea-pot-coffee-pot-with-4-cups-large-capacity-water-kettle-set-p-1859600225245122561.html,bybyb,"['13356602788', '0546-7363188', '0546-7361789']",20,12.69,东营区北二路（八分场）
https://www.cjdropshipping.cn/product/1600-ml-cooling-water-kettle-tea-pot-coffee-pot-with-4-cups-large-capacity-water-kettle-set-p-1877445550840631298.html,bybyb,"['13356602788', '0546-7363188', '0546-7361789']",19,22.71,东营区北二路（八分场）
https://www.cjdropshipping.cn/product/1600-ml-cooling-water-kettle-tea-pot-coffee-pot-with-4-cups-large-capacity-water-kettle-set-p-1876195160031281153.html,广州尚潮牌服装有限公司,"['18028699626', '13800138000', '13760850228', '17576091381']",10000,11.70,<em>广州</em>市海珠区南华东路富基南二街23号二层1165房（仅限办公）
https://www.cjdropshipping.cn/product/1600-ml-cooling-water-kettle-tea-pot-coffee-pot-with-4-cups-large-capacity-water-kettle-set-p-1862324432162148352.html,大建云仓,"['0512-62858881', '0512-62852287']",200,160.91,中国（江苏）自由贸易试验区苏州片区苏州工业园区星湖街328号创意产业园18号楼
https://www.cjdropshipping.cn/product/1600-ml-cooling-water-kettle-tea-pot-coffee-pot-with-4-cups-large-capacity-water-kettle-set-p-1868923967902732288.html,万邑链,"['16675586621', '0755-86039066', '15019400546']",9256,10.58,深圳市前海深港合作区前湾一路1号A栋201室（入驻深圳市前海商务秘书有限公司）
https://www.cjdropshipping.cn/product/1600-ml-cooling-water-kettle-tea-pot-coffee-pot-with-4-cups-large-capacity-water-kettle-set-p-1856574442617851904.html,dbjjj,暂无,16,73.55,暂无
https://www.cjdropshipping.cn/product/1600-ml-cooling-water-kettle-tea-pot-coffee-pot-with-4-cups-large-capacity-water-kettle-set-p-1859436107050930176.html,dlober,暂无,100,28.41 -- 30.69,暂无
https://www.cjdropshipping.cn/product/1600-ml-cooling-water-kettle-tea-pot-coffee-pot-with-4-cups-large-capacity-water-kettle-set-p-1871453015154536450.html,jiujiu2,暂无,136,48.04,暂无
https://www.cjdropshipping.cn/product/1600-ml-cooling-water-kettle-tea-pot-coffee-pot-with-4-cups-large-capacity-water-kettle-set-p-1859412003476361216.html,大建云仓,"['0512-62858881', '0512-62852287']",395,170.72,中国（江苏）自由贸易试验区苏州片区苏州工业园区星湖街328号创意产业园18号楼
https://www.cjdropshipping.cn/product/1600-ml-cooling-water-kettle-tea-pot-coffee-pot-with-4-cups-large-capacity-water-kettle-set-p-1862071859748425728.html,dlober,暂无,100,28.41 -- 30.69,暂无
https://www.cjdropshipping.cn/product/1600-ml-cooling-water-kettle-tea-pot-coffee-pot-with-4-cups-large-capacity-water-kettle-set-p-1859594442524643330.html,bybyb,"['13356602788', '0546-7363188', '0546-7361789']",20,5.73,东营区北二路（八分场）
https://www.cjdropshipping.cn/product/1600-ml-cooling-water-kettle-tea-pot-coffee-pot-with-4-cups-large-capacity-water-kettle-set-p-1866020704098340864.html,adong,['020-82031803'],48,13.09,广州市黄埔区黄埔大道东983号3808房
https://www.cjdropshipping.cn/product/1600-ml-cooling-water-kettle-tea-pot-coffee-pot-with-4-cups-large-capacity-water-kettle-set-p-1877287633298542593.html,广州尚潮牌服装有限公司,"['18028699626', '13800138000', '13760850228', '17576091381']",10000,11.70,<em>广州</em>市海珠区南华东路富基南二街23号二层1165房（仅限办公）
https://www.cjdropshipping.cn/product/1600-ml-cooling-water-kettle-tea-pot-coffee-pot-with-4-cups-large-capacity-water-kettle-set-p-1868937134015926272.html,万邑链,"['16675586621', '0755-86039066', '15019400546']",405,11.48,深圳市前海深港合作区前湾一路1号A栋201室（入驻深圳市前海商务秘书有限公司）
https://www.cjdropshipping.cn/product/1600-ml-cooling-water-kettle-tea-pot-coffee-pot-with-4-cups-large-capacity-water-kettle-set-p-1860151732962480128.html,北斯集团,[],480,10.20,浙江省义乌市福田街道中福广场1号楼1701室（自主申报）
https://www.cjdropshipping.cn/product/1600-ml-cooling-water-kettle-tea-pot-coffee-pot-with-4-cups-large-capacity-water-kettle-set-p-1871377722680717314.html,jiujiu,"['0317-2735961', '0317-2735248', '0317-2735086', '15030761661']",235,4.81,河北任丘经济开发区金华路303
https://www.cjdropshipping.cn/product/1600-ml-cooling-water-kettle-tea-pot-coffee-pot-with-4-cups-large-capacity-water-kettle-set-p-1869589921762529280.html,jiujiu2,暂无,198,41.20,暂无
https://www.cjdropshipping.cn/product/1600-ml-cooling-water-kettle-tea-pot-coffee-pot-with-4-cups-large-capacity-water-kettle-set-p-1864903576901275648.html,大建云仓,"['0512-62858881', '0512-62852287']",115,165.75,中国（江苏）自由贸易试验区苏州片区苏州工业园区星湖街328号创意产业园18号楼
https://www.cjdropshipping.cn/product/1600-ml-cooling-water-kettle-tea-pot-coffee-pot-with-4-cups-large-capacity-water-kettle-set-p-1850375273515470848.html,广州尚潮牌服装有限公司,"['18028699626', '13800138000', '13760850228', '17576091381']",100,11.70,<em>广州</em>市海珠区南华东路富基南二街23号二层1165房（仅限办公）
https://www.cjdropshipping.cn/product/1600-ml-cooling-water-kettle-tea-pot-coffee-pot-with-4-cups-large-capacity-water-kettle-set-p-1831958419507924992.html,Myyshop INC,暂无,150,8.13,暂无
https://www.cjdropshipping.cn/product/1600-ml-cooling-water-kettle-tea-pot-coffee-pot-with-4-cups-large-capacity-water-kettle-set-p-1860881628630241280.html,北斯集团,[],120,9.02,浙江省义乌市福田街道中福广场1号楼1701室（自主申报）
https://www.cjdropshipping.cn/product/1600-ml-cooling-water-kettle-tea-pot-coffee-pot-with-4-cups-large-capacity-water-kettle-set-p-1879784377067941890.html,jiujiu2,暂无,110,169.70,暂无
https://www.cjdropshipping.cn/product/1600-ml-cooling-water-kettle-tea-pot-coffee-pot-with-4-cups-large-capacity-water-kettle-set-p-1857625837873811456.html,dlober,暂无,100,38.20,暂无
https://www.cjdropshipping.cn/product/1600-ml-cooling-water-kettle-tea-pot-coffee-pot-with-4-cups-large-capacity-water-kettle-set-p-1875389135379795969.html,万邑链,"['16675586621', '0755-86039066', '15019400546']",36,41.65,深圳市前海深港合作区前湾一路1号A栋201室（入驻深圳市前海商务秘书有限公司）
https://www.cjdropshipping.cn/product/1600-ml-cooling-water-kettle-tea-pot-coffee-pot-with-4-cups-large-capacity-water-kettle-set-p-1876824546880774145.html,jiujiu2,暂无,223,138.75,暂无
https://www.cjdropshipping.cn/product/1600-ml-cooling-water-kettle-tea-pot-coffee-pot-with-4-cups-large-capacity-water-kettle-set-p-1859599220542377985.html,bybyb,"['13356602788', '0546-7363188', '0546-7361789']",20,7.69,东营区北二路（八分场）
https://www.cjdropshipping.cn/product/1600-ml-cooling-water-kettle-tea-pot-coffee-pot-with-4-cups-large-capacity-water-kettle-set-p-1877537019058094081.html,广州尚潮牌服装有限公司,"['18028699626', '13800138000', '13760850228', '17576091381']",10000,11.70,<em>广州</em>市海珠区南华东路富基南二街23号二层1165房（仅限办公）
https://www.cjdropshipping.cn/product/1600-ml-cooling-water-kettle-tea-pot-coffee-pot-with-4-cups-large-capacity-water-kettle-set-p-1865937333741572096.html,天机开品,"['13714297812', '0755-86226836']",660,20.00,深圳市前海深港合作区南山街道前海青年梦工场7号楼309
https://www.cjdropshipping.cn/product/1600-ml-cooling-water-kettle-tea-pot-coffee-pot-with-4-cups-large-capacity-water-kettle-set-p-1859415785287340032.html,大建云仓,"['0512-62858881', '0512-62852287']",468,197.47,中国（江苏）自由贸易试验区苏州片区苏州工业园区星湖街328号创意产业园18号楼
https://www.cjdropshipping.cn/product/1600-ml-cooling-water-kettle-tea-pot-coffee-pot-with-4-cups-large-capacity-water-kettle-set-p-1851831582991470592.html,诸暨市大语电子商务有限公司,[],500,12.40,浙江省绍兴市诸暨市大唐街道凯翔大道79号3楼303
https://www.cjdropshipping.cn/product/1600-ml-cooling-water-kettle-tea-pot-coffee-pot-with-4-cups-large-capacity-water-kettle-set-p-1864948591023247360.html,dlober,暂无,40,18.08,暂无
https://www.cjdropshipping.cn/product/1600-ml-cooling-water-kettle-tea-pot-coffee-pot-with-4-cups-large-capacity-water-kettle-set-p-1874700663294971905.html,adong,['020-82031803'],50,20.57,广州市黄埔区黄埔大道东983号3808房
https://www.cjdropshipping.cn/product/1600-ml-cooling-water-kettle-tea-pot-coffee-pot-with-4-cups-large-capacity-water-kettle-set-p-1862062568551370752.html,Fulian,"['0511-80760088', '0511-80760106']",47,8.23,丹阳市开发区永安社区（兰陵路南侧）
https://www.cjdropshipping.cn/product/1600-ml-cooling-water-kettle-tea-pot-coffee-pot-with-4-cups-large-capacity-water-kettle-set-p-1873917994286108674.html,yuting,['010-65483355'],6407,60.77,北京市朝阳区朝阳北路27号18幢
https://www.cjdropshipping.cn/product/1600-ml-cooling-water-kettle-tea-pot-coffee-pot-with-4-cups-large-capacity-water-kettle-set-p-1853264691679088640.html,yoonyo,['18822303963'],50,79.38,延吉市延河西路6777-158号万达广场购物中心10-58
https://www.cjdropshipping.cn/product/1600-ml-cooling-water-kettle-tea-pot-coffee-pot-with-4-cups-large-capacity-water-kettle-set-p-1859603283526078466.html,bybyb,"['13356602788', '0546-7363188', '0546-7361789']",2,145.30,东营区北二路（八分场）
https://www.cjdropshipping.cn/product/1600-ml-cooling-water-kettle-tea-pot-coffee-pot-with-4-cups-large-capacity-water-kettle-set-p-1864208218994921472.html,大建云仓,"['0512-62858881', '0512-62852287']",3960,64.92,中国（江苏）自由贸易试验区苏州片区苏州工业园区星湖街328号创意产业园18号楼
https://www.cjdropshipping.cn/product/1600-ml-cooling-water-kettle-tea-pot-coffee-pot-with-4-cups-large-capacity-water-kettle-set-p-1873656909532418049.html,yuting,['010-65483355'],8964,53.56 -- 58.71,北京市朝阳区朝阳北路27号18幢
https://www.cjdropshipping.cn/product/1600-ml-cooling-water-kettle-tea-pot-coffee-pot-with-4-cups-large-capacity-water-kettle-set-p-1870398449751744514.html,jiujiu2,暂无,313,89.61,暂无
https://www.cjdropshipping.cn/product/1600-ml-cooling-water-kettle-tea-pot-coffee-pot-with-4-cups-large-capacity-water-kettle-set-p-1862008900942712832.html,北斯集团,[],120,10.25,浙江省义乌市福田街道中福广场1号楼1701室（自主申报）
https://www.cjdropshipping.cn/product/1600-ml-cooling-water-kettle-tea-pot-coffee-pot-with-4-cups-large-capacity-water-kettle-set-p-1864586267804454912.html,广州尚潮牌服装有限公司,"['18028699626', '13800138000', '13760850228', '17576091381']",10000,21.20,<em>广州</em>市海珠区南华东路富基南二街23号二层1165房（仅限办公）
https://www.cjdropshipping.cn/product/1600-ml-cooling-water-kettle-tea-pot-coffee-pot-with-4-cups-large-capacity-water-kettle-set-p-1853620459632742400.html,yoonyo,['18822303963'],50,153.70,延吉市延河西路6777-158号万达广场购物中心10-58
https://www.cjdropshipping.cn/product/1600-ml-cooling-water-kettle-tea-pot-coffee-pot-with-4-cups-large-capacity-water-kettle-set-p-1874768216818601986.html,浙江华欧桥科技有限公司,['0571-88298116'],20,77.00,浙江省杭州市临平区南苑街道迎宾同济中心2幢2402室
https://www.cjdropshipping.cn/product/1600-ml-cooling-water-kettle-tea-pot-coffee-pot-with-4-cups-large-capacity-water-kettle-set-p-1859151141914169344.html,dlober,暂无,100,28.41 -- 30.69,暂无
https://www.cjdropshipping.cn/product/1600-ml-cooling-water-kettle-tea-pot-coffee-pot-with-4-cups-large-capacity-water-kettle-set-p-1856525897516863488.html,大建云仓,"['0512-62858881', '0512-62852287']",96,108.44,中国（江苏）自由贸易试验区苏州片区苏州工业园区星湖街328号创意产业园18号楼
https://www.cjdropshipping.cn/product/1600-ml-cooling-water-kettle-tea-pot-coffee-pot-with-4-cups-large-capacity-water-kettle-set-p-1864862835374182400.html,万邑链,"['16675586621', '0755-86039066', '15019400546']",82,14.52,深圳市前海深港合作区前湾一路1号A栋201室（入驻深圳市前海商务秘书有限公司）
https://www.cjdropshipping.cn/product/1600-ml-cooling-water-kettle-tea-pot-coffee-pot-with-4-cups-large-capacity-water-kettle-set-p-1831535086417104896.html,Myyshop INC,暂无,1346,8.13,暂无
https://www.cjdropshipping.cn/product/1600-ml-cooling-water-kettle-tea-pot-coffee-pot-with-4-cups-large-capacity-water-kettle-set-p-1872468634667249666.html,广州尚潮牌服装有限公司,"['18028699626', '13800138000', '13760850228', '17576091381']",10000,11.70,<em>广州</em>市海珠区南华东路富基南二街23号二层1165房（仅限办公）
https://www.cjdropshipping.cn/product/1600-ml-cooling-water-kettle-tea-pot-coffee-pot-with-4-cups-large-capacity-water-kettle-set-p-1859601048411672578.html,bybyb,"['13356602788', '0546-7363188', '0546-7361789']",9,8.81 -- 12.55,东营区北二路（八分场）
https://www.cjdropshipping.cn/product/1600-ml-cooling-water-kettle-tea-pot-coffee-pot-with-4-cups-large-capacity-water-kettle-set-p-1868566147642576896.html,jiujiu2,暂无,214,35.59,暂无
https://www.cjdropshipping.cn/product/1600-ml-cooling-water-kettle-tea-pot-coffee-pot-with-4-cups-large-capacity-water-kettle-set-p-1857371717988405248.html,越域网,['18650930228'],50,24.22,将乐县水南镇溪南路43号004幢308室
https://www.cjdropshipping.cn/product/1600-ml-cooling-water-kettle-tea-pot-coffee-pot-with-4-cups-large-capacity-water-kettle-set-p-1861666177173835776.html,北斯集团,[],98,12.35,浙江省义乌市福田街道中福广场1号楼1701室（自主申报）
https://www.cjdropshipping.cn/product/1600-ml-cooling-water-kettle-tea-pot-coffee-pot-with-4-cups-large-capacity-water-kettle-set-p-1873970456544071682.html,adong,['020-82031803'],50,20.57,广州市黄埔区黄埔大道东983号3808房
https://www.cjdropshipping.cn/product/1600-ml-cooling-water-kettle-tea-pot-coffee-pot-with-4-cups-large-capacity-water-kettle-set-p-1858713239480586240.html,dlober,暂无,100,28.41 -- 30.69,暂无
https://www.cjdropshipping.cn/product/1600-ml-cooling-water-kettle-tea-pot-coffee-pot-with-4-cups-large-capacity-water-kettle-set-p-1859607708093173761.html,bybyb,"['13356602788', '0546-7363188', '0546-7361789']",2,170.08,东营区北二路（八分场）
https://www.cjdropshipping.cn/product/1600-ml-cooling-water-kettle-tea-pot-coffee-pot-with-4-cups-large-capacity-water-kettle-set-p-1862322231578611712.html,大建云仓,"['0512-62858881', '0512-62852287']",200,143.74,中国（江苏）自由贸易试验区苏州片区苏州工业园区星湖街328号创意产业园18号楼
https://www.cjdropshipping.cn/product/1600-ml-cooling-water-kettle-tea-pot-coffee-pot-with-4-cups-large-capacity-water-kettle-set-p-1866680514145832960.html,广州尚潮牌服装有限公司,"['18028699626', '13800138000', '13760850228', '17576091381']",10000,21.20,<em>广州</em>市海珠区南华东路富基南二街23号二层1165房（仅限办公）
https://www.cjdropshipping.cn/product/1600-ml-cooling-water-kettle-tea-pot-coffee-pot-with-4-cups-large-capacity-water-kettle-set-p-1857369000301711360.html,天机开品,"['13714297812', '0755-86226836']",1683,20.00,深圳市前海深港合作区南山街道前海青年梦工场7号楼309
https://www.cjdropshipping.cn/product/1600-ml-cooling-water-kettle-tea-pot-coffee-pot-with-4-cups-large-capacity-water-kettle-set-p-1859152958106521600.html,dlober,暂无,100,28.41 -- 30.69,暂无
https://www.cjdropshipping.cn/product/1600-ml-cooling-water-kettle-tea-pot-coffee-pot-with-4-cups-large-capacity-water-kettle-set-p-1864872714377777152.html,万邑链,"['16675586621', '0755-86039066', '15019400546']",621,11.48,深圳市前海深港合作区前湾一路1号A栋201室（入驻深圳市前海商务秘书有限公司）
https://www.cjdropshipping.cn/product/1600-ml-cooling-water-kettle-tea-pot-coffee-pot-with-4-cups-large-capacity-water-kettle-set-p-1849268425135640576.html,诸暨市大语电子商务有限公司,[],95,11.83,浙江省绍兴市诸暨市大唐街道凯翔大道79号3楼303
https://www.cjdropshipping.cn/product/1600-ml-cooling-water-kettle-tea-pot-coffee-pot-with-4-cups-large-capacity-water-kettle-set-p-1876552702434136065.html,adong,['020-82031803'],50,20.57,广州市黄埔区黄埔大道东983号3808房
https://www.cjdropshipping.cn/product/1600-ml-cooling-water-kettle-tea-pot-coffee-pot-with-4-cups-large-capacity-water-kettle-set-p-1867090460003946496.html,jiujiu2,暂无,1744,80.12,暂无
https://www.cjdropshipping.cn/product/1600-ml-cooling-water-kettle-tea-pot-coffee-pot-with-4-cups-large-capacity-water-kettle-set-p-1853688797088075776.html,广州尚潮牌服装有限公司,"['18028699626', '13800138000', '13760850228', '17576091381']",100,21.20,<em>广州</em>市海珠区南华东路富基南二街23号二层1165房（仅限办公）
https://www.cjdropshipping.cn/product/1600-ml-cooling-water-kettle-tea-pot-coffee-pot-with-4-cups-large-capacity-water-kettle-set-p-1869614827921362944.html,jiujiu2,暂无,219,13.91,暂无
https://www.cjdropshipping.cn/product/1600-ml-cooling-water-kettle-tea-pot-coffee-pot-with-4-cups-large-capacity-water-kettle-set-p-1860229976684384256.html,北斯集团,[],120,9.10,浙江省义乌市福田街道中福广场1号楼1701室（自主申报）
https://www.cjdropshipping.cn/product/1600-ml-cooling-water-kettle-tea-pot-coffee-pot-with-4-cups-large-capacity-water-kettle-set-p-1867119840948277248.html,太原凯瑞贸易有限公司,['15110495453'],200,26.00,太原市小店区都乐街幸福时光1号楼1单元3202号
https://www.cjdropshipping.cn/product/1600-ml-cooling-water-kettle-tea-pot-coffee-pot-with-4-cups-large-capacity-water-kettle-set-p-1855159159860645888.html,大建云仓,"['0512-62858881', '0512-62852287']",100,27.07,中国（江苏）自由贸易试验区苏州片区苏州工业园区星湖街328号创意产业园18号楼
https://www.cjdropshipping.cn/product/1600-ml-cooling-water-kettle-tea-pot-coffee-pot-with-4-cups-large-capacity-water-kettle-set-p-1868854841893081088.html,万邑链,"['16675586621', '0755-86039066', '15019400546']",1515,13.18,深圳市前海深港合作区前湾一路1号A栋201室（入驻深圳市前海商务秘书有限公司）
https://www.cjdropshipping.cn/product/1600-ml-cooling-water-kettle-tea-pot-coffee-pot-with-4-cups-large-capacity-water-kettle-set-p-1859140879681212416.html,广州尚潮牌服装有限公司,"['18028699626', '13800138000', '13760850228', '17576091381']",10000,11.70,<em>广州</em>市海珠区南华东路富基南二街23号二层1165房（仅限办公）
https://www.cjdropshipping.cn/product/1600-ml-cooling-water-kettle-tea-pot-coffee-pot-with-4-cups-large-capacity-water-kettle-set-p-1865964932513550336.html,adong,['020-82031803'],13,23.39,广州市黄埔区黄埔大道东983号3808房
https://www.cjdropshipping.cn/product/1600-ml-cooling-water-kettle-tea-pot-coffee-pot-with-4-cups-large-capacity-water-kettle-set-p-1859639143629901826.html,bybyb,"['13356602788', '0546-7363188', '0546-7361789']",5,946.28,东营区北二路（八分场）
https://www.cjdropshipping.cn/product/1600-ml-cooling-water-kettle-tea-pot-coffee-pot-with-4-cups-large-capacity-water-kettle-set-p-1862741318947459072.html,dlober,暂无,100,15.34 -- 17.61,暂无
https://www.cjdropshipping.cn/product/1600-ml-cooling-water-kettle-tea-pot-coffee-pot-with-4-cups-large-capacity-water-kettle-set-p-1855855680562286592.html,大建云仓,"['0512-62858881', '0512-62852287']",84,471.64,中国（江苏）自由贸易试验区苏州片区苏州工业园区星湖街328号创意产业园18号楼
https://www.cjdropshipping.cn/product/1600-ml-cooling-water-kettle-tea-pot-coffee-pot-with-4-cups-large-capacity-water-kettle-set-p-1861612504406183936.html,Fulian,"['0511-80760088', '0511-80760106']",12,9.24,丹阳市开发区永安社区（兰陵路南侧）
https://www.cjdropshipping.cn/product/1600-ml-cooling-water-kettle-tea-pot-coffee-pot-with-4-cups-large-capacity-water-kettle-set-p-1853394636266950656.html,广州尚潮牌服装有限公司,"['18028699626', '13800138000', '13760850228', '17576091381']",100,21.20,<em>广州</em>市海珠区南华东路富基南二街23号二层1165房（仅限办公）
https://www.cjdropshipping.cn/product/1600-ml-cooling-water-kettle-tea-pot-coffee-pot-with-4-cups-large-capacity-water-kettle-set-p-1859593850151342082.html,bybyb,"['13356602788', '0546-7363188', '0546-7361789']",20,244.42,东营区北二路（八分场）
https://www.cjdropshipping.cn/product/1600-ml-cooling-water-kettle-tea-pot-coffee-pot-with-4-cups-large-capacity-water-kettle-set-p-1868564971970777088.html,jiujiu2,暂无,282,94.74,暂无
https://www.cjdropshipping.cn/product/1600-ml-cooling-water-kettle-tea-pot-coffee-pot-with-4-cups-large-capacity-water-kettle-set-p-1881882605743931393.html,万邑链,"['16675586621', '0755-86039066', '15019400546']",155,11.52,深圳市前海深港合作区前湾一路1号A栋201室（入驻深圳市前海商务秘书有限公司）
https://www.cjdropshipping.cn/product/1600-ml-cooling-water-kettle-tea-pot-coffee-pot-with-4-cups-large-capacity-water-kettle-set-p-1854409151221747712.html,诸暨市大语电子商务有限公司,[],18,16.12,浙江省绍兴市诸暨市大唐街道凯翔大道79号3楼303
https://www.cjdropshipping.cn/product/1600-ml-cooling-water-kettle-tea-pot-coffee-pot-with-4-cups-large-capacity-water-kettle-set-p-1871385649150746625.html,adong,['020-82031803'],50,20.57,广州市黄埔区黄埔大道东983号3808房
https://www.cjdropshipping.cn/product/1600-ml-cooling-water-kettle-tea-pot-coffee-pot-with-4-cups-large-capacity-water-kettle-set-p-1856963183647805440.html,dlober,暂无,100,30.69,暂无
https://www.cjdropshipping.cn/product/1600-ml-cooling-water-kettle-tea-pot-coffee-pot-with-4-cups-large-capacity-water-kettle-set-p-1866068022306689024.html,广州尚潮牌服装有限公司,"['18028699626', '13800138000', '13760850228', '17576091381']",10000,21.20,<em>广州</em>市海珠区南华东路富基南二街23号二层1165房（仅限办公）
https://www.cjdropshipping.cn/product/1600-ml-cooling-water-kettle-tea-pot-coffee-pot-with-4-cups-large-capacity-water-kettle-set-p-1856964380563755008.html,dlober,暂无,100,30.69,暂无
https://www.cjdropshipping.cn/product/1600-ml-cooling-water-kettle-tea-pot-coffee-pot-with-4-cups-large-capacity-water-kettle-set-p-1859643893297500161.html,bybyb,"['13356602788', '0546-7363188', '0546-7361789']",20,116.01,东营区北二路（八分场）
https://www.cjdropshipping.cn/product/1600-ml-cooling-water-kettle-tea-pot-coffee-pot-with-4-cups-large-capacity-water-kettle-set-p-1859520359176228864.html,大建云仓,"['0512-62858881', '0512-62852287']",450,196.37,中国（江苏）自由贸易试验区苏州片区苏州工业园区星湖街328号创意产业园18号楼
https://www.cjdropshipping.cn/product/1600-ml-cooling-water-kettle-tea-pot-coffee-pot-with-4-cups-large-capacity-water-kettle-set-p-1860149522014818304.html,jiujiu,"['0317-2735961', '0317-2735248', '0317-2735086', '15030761661']",38,48.10,河北任丘经济开发区金华路303
https://www.cjdropshipping.cn/product/1600-ml-cooling-water-kettle-tea-pot-coffee-pot-with-4-cups-large-capacity-water-kettle-set-p-1866762406492786688.html,jiujiu2,暂无,138,84.75,暂无
https://www.cjdropshipping.cn/product/1600-ml-cooling-water-kettle-tea-pot-coffee-pot-with-4-cups-large-capacity-water-kettle-set-p-1857675010849525760.html,dlober,暂无,100,15.36 -- 17.63,暂无
https://www.cjdropshipping.cn/product/1600-ml-cooling-water-kettle-tea-pot-coffee-pot-with-4-cups-large-capacity-water-kettle-set-p-1858445500287438848.html,广州尚潮牌服装有限公司,"['18028699626', '13800138000', '13760850228', '17576091381']",10000,11.70,<em>广州</em>市海珠区南华东路富基南二街23号二层1165房（仅限办公）
https://www.cjdropshipping.cn/product/1600-ml-cooling-water-kettle-tea-pot-coffee-pot-with-4-cups-large-capacity-water-kettle-set-p-1880517608111239169.html,Suit Up,"['13923743109', '13823651633']",100,54.57 -- 111.28,深圳市前海深港合作区前湾一路1号A栋201室（入驻深圳市前海商务秘书有限公司）
https://www.cjdropshipping.cn/product/1600-ml-cooling-water-kettle-tea-pot-coffee-pot-with-4-cups-large-capacity-water-kettle-set-p-1859600954546507778.html,bybyb,"['13356602788', '0546-7363188', '0546-7361789']",20,9.84,东营区北二路（八分场）
https://www.cjdropshipping.cn/product/1600-ml-cooling-water-kettle-tea-pot-coffee-pot-with-4-cups-large-capacity-water-kettle-set-p-1880548321334292482.html,jiujiu2,暂无,140,200.55,暂无
https://www.cjdropshipping.cn/product/1600-ml-cooling-water-kettle-tea-pot-coffee-pot-with-4-cups-large-capacity-water-kettle-set-p-1706612451087110144.html,广州雅驰科技有限公司,['18028565079'],19,29.99 -- 33.99,广州市越秀区三元里大道165号粤侨大厦8楼805室J32房号
https://www.cjdropshipping.cn/product/1600-ml-cooling-water-kettle-tea-pot-coffee-pot-with-4-cups-large-capacity-water-kettle-set-p-1875390780724662273.html,万邑链,"['16675586621', '0755-86039066', '15019400546']",296,14.91,深圳市前海深港合作区前湾一路1号A栋201室（入驻深圳市前海商务秘书有限公司）
https://www.cjdropshipping.cn/product/1600-ml-cooling-water-kettle-tea-pot-coffee-pot-with-4-cups-large-capacity-water-kettle-set-p-1857341334336983040.html,越域网,['18650930228'],50,24.22,将乐县水南镇溪南路43号004幢308室
https://www.cjdropshipping.cn/product/1600-ml-cooling-water-kettle-tea-pot-coffee-pot-with-4-cups-large-capacity-water-kettle-set-p-1872482109422497794.html,广州玫皇贸易有限公司,"['13527711768', '15989134842']",15,19.99,广州市番禺区南村镇兴南大道468号408房
https://www.cjdropshipping.cn/product/1600-ml-cooling-water-kettle-tea-pot-coffee-pot-with-4-cups-large-capacity-water-kettle-set-p-1864914692209528832.html,大建云仓,"['0512-62858881', '0512-62852287']",86,179.81,中国（江苏）自由贸易试验区苏州片区苏州工业园区星湖街328号创意产业园18号楼
https://www.cjdropshipping.cn/product/1600-ml-cooling-water-kettle-tea-pot-coffee-pot-with-4-cups-large-capacity-water-kettle-set-p-1829331854638862336.html,广州欧帝美服饰有限公司,['13178837912'],10233,8.79,深圳市光明新区公明街道塘尾社区粤宝工业区A区5栋201
https://www.cjdropshipping.cn/product/1600-ml-cooling-water-kettle-tea-pot-coffee-pot-with-4-cups-large-capacity-water-kettle-set-p-1849029867145678848.html,广州尚潮牌服装有限公司,"['18028699626', '13800138000', '13760850228', '17576091381']",100,11.70,<em>广州</em>市海珠区南华东路富基南二街23号二层1165房（仅限办公）
https://www.cjdropshipping.cn/product/1600-ml-cooling-water-kettle-tea-pot-coffee-pot-with-4-cups-large-capacity-water-kettle-set-p-1866321515579854848.html,大建云仓,"['0512-62858881', '0512-62852287']",81,73.69,中国（江苏）自由贸易试验区苏州片区苏州工业园区星湖街328号创意产业园18号楼
https://www.cjdropshipping.cn/product/1600-ml-cooling-water-kettle-tea-pot-coffee-pot-with-4-cups-large-capacity-water-kettle-set-p-1867040757438631936.html,adong,['020-82031803'],30,16.18 -- 33.36,广州市黄埔区黄埔大道东983号3808房
https://www.cjdropshipping.cn/product/1600-ml-cooling-water-kettle-tea-pot-coffee-pot-with-4-cups-large-capacity-water-kettle-set-p-1859599972693495810.html,bybyb,"['13356602788', '0546-7363188', '0546-7361789']",20,7.74,东营区北二路（八分场）
https://www.cjdropshipping.cn/product/1600-ml-cooling-water-kettle-tea-pot-coffee-pot-with-4-cups-large-capacity-water-kettle-set-p-1865210296122888192.html,dlober,暂无,40,18.08,暂无
https://www.cjdropshipping.cn/product/1600-ml-cooling-water-kettle-tea-pot-coffee-pot-with-4-cups-large-capacity-water-kettle-set-p-1871840298226966529.html,天机开品,"['13714297812', '0755-86226836']",168,47.00,深圳市前海深港合作区南山街道前海青年梦工场7号楼309
https://www.cjdropshipping.cn/product/1600-ml-cooling-water-kettle-tea-pot-coffee-pot-with-4-cups-large-capacity-water-kettle-set-p-1840674159585021952.html,yoonyo,['18822303963'],130,262.15,延吉市延河西路6777-158号万达广场购物中心10-58
https://www.cjdropshipping.cn/product/1600-ml-cooling-water-kettle-tea-pot-coffee-pot-with-4-cups-large-capacity-water-kettle-set-p-1854056210858135552.html,广州尚潮牌服装有限公司,"['18028699626', '13800138000', '13760850228', '17576091381']",100,21.20,<em>广州</em>市海珠区南华东路富基南二街23号二层1165房（仅限办公）
https://www.cjdropshipping.cn/product/1600-ml-cooling-water-kettle-tea-pot-coffee-pot-with-4-cups-large-capacity-water-kettle-set-p-1859172562048536576.html,dlober,暂无,100,28.41 -- 30.69,暂无
https://www.cjdropshipping.cn/product/1600-ml-cooling-water-kettle-tea-pot-coffee-pot-with-4-cups-large-capacity-water-kettle-set-p-1831968402400235520.html,Myyshop INC,暂无,606,8.00,暂无
https://www.cjdropshipping.cn/product/1600-ml-cooling-water-kettle-tea-pot-coffee-pot-with-4-cups-large-capacity-water-kettle-set-p-1855086421708001280.html,范楠,['18538788011'],754,14.70,郑州市二七区长江路369付3号
https://www.cjdropshipping.cn/product/1600-ml-cooling-water-kettle-tea-pot-coffee-pot-with-4-cups-large-capacity-water-kettle-set-p-1863508535058255872.html,大建云仓,"['0512-62858881', '0512-62852287']",149,86.67,中国（江苏）自由贸易试验区苏州片区苏州工业园区星湖街328号创意产业园18号楼
https://www.cjdropshipping.cn/product/1600-ml-cooling-water-kettle-tea-pot-coffee-pot-with-4-cups-large-capacity-water-kettle-set-p-1859601413999792130.html,bybyb,"['13356602788', '0546-7363188', '0546-7361789']",20,8.57,东营区北二路（八分场）
https://www.cjdropshipping.cn/product/1600-ml-cooling-water-kettle-tea-pot-coffee-pot-with-4-cups-large-capacity-water-kettle-set-p-1874009964585078786.html,jiujiu2,暂无,199,46.35,暂无
https://www.cjdropshipping.cn/product/1600-ml-cooling-water-kettle-tea-pot-coffee-pot-with-4-cups-large-capacity-water-kettle-set-p-1866669452172349440.html,adong,['020-82031803'],22,20.30,广州市黄埔区黄埔大道东983号3808房
https://www.cjdropshipping.cn/product/1600-ml-cooling-water-kettle-tea-pot-coffee-pot-with-4-cups-large-capacity-water-kettle-set-p-1874030799757139969.html,yuting,['010-65483355'],7032,63.86,北京市朝阳区朝阳北路27号18幢
https://www.cjdropshipping.cn/product/1600-ml-cooling-water-kettle-tea-pot-coffee-pot-with-4-cups-large-capacity-water-kettle-set-p-1868848841832157184.html,万邑链,"['16675586621', '0755-86039066', '15019400546']",295,10.35,深圳市前海深港合作区前湾一路1号A栋201室（入驻深圳市前海商务秘书有限公司）
https://www.cjdropshipping.cn/product/1600-ml-cooling-water-kettle-tea-pot-coffee-pot-with-4-cups-large-capacity-water-kettle-set-p-1861693254564466688.html,Fulian,"['0511-80760088', '0511-80760106']",39,8.02,丹阳市开发区永安社区（兰陵路南侧）
https://www.cjdropshipping.cn/product/1600-ml-cooling-water-kettle-tea-pot-coffee-pot-with-4-cups-large-capacity-water-kettle-set-p-1861290879731257344.html,北斯集团,[],215,8.85,浙江省义乌市福田街道中福广场1号楼1701室（自主申报）
https://www.cjdropshipping.cn/product/1600-ml-cooling-water-kettle-tea-pot-coffee-pot-with-4-cups-large-capacity-water-kettle-set-p-1862733058987151360.html,dlober,暂无,100,15.34 -- 17.61,暂无
https://www.cjdropshipping.cn/product/1600-ml-cooling-water-kettle-tea-pot-coffee-pot-with-4-cups-large-capacity-water-kettle-set-p-1860944358091411456.html,广州尚潮牌服装有限公司,"['18028699626', '13800138000', '13760850228', '17576091381']",10000,11.70,<em>广州</em>市海珠区南华东路富基南二街23号二层1165房（仅限办公）
https://www.cjdropshipping.cn/product/1600-ml-cooling-water-kettle-tea-pot-coffee-pot-with-4-cups-large-capacity-water-kettle-set-p-1881169149520674817.html,youshang,[],3697,76.05,东西湖区新沟镇街办事处纺新街41号（14）
https://www.cjdropshipping.cn/product/1600-ml-cooling-water-kettle-tea-pot-coffee-pot-with-4-cups-large-capacity-water-kettle-set-p-1859142159686324224.html,大建云仓,"['0512-62858881', '0512-62852287']",61,142.98,中国（江苏）自由贸易试验区苏州片区苏州工业园区星湖街328号创意产业园18号楼
https://www.cjdropshipping.cn/product/1600-ml-cooling-water-kettle-tea-pot-coffee-pot-with-4-cups-large-capacity-water-kettle-set-p-1858817713956081664.html,广州尚潮牌服装有限公司,"['18028699626', '13800138000', '13760850228', '17576091381']",10000,11.70,<em>广州</em>市海珠区南华东路富基南二街23号二层1165房（仅限办公）
https://www.cjdropshipping.cn/product/1600-ml-cooling-water-kettle-tea-pot-coffee-pot-with-4-cups-large-capacity-water-kettle-set-p-1860252247322939392.html,dlober,暂无,100,15.34 -- 17.61,暂无
https://www.cjdropshipping.cn/product/1600-ml-cooling-water-kettle-tea-pot-coffee-pot-with-4-cups-large-capacity-water-kettle-set-p-1879070294249721858.html,jiujiu2,暂无,837,72.41,暂无
https://www.cjdropshipping.cn/product/1600-ml-cooling-water-kettle-tea-pot-coffee-pot-with-4-cups-large-capacity-water-kettle-set-p-1864857149080752128.html,大建云仓,"['0512-62858881', '0512-62852287']",76,283.59,中国（江苏）自由贸易试验区苏州片区苏州工业园区星湖街328号创意产业园18号楼
https://www.cjdropshipping.cn/product/1600-ml-cooling-water-kettle-tea-pot-coffee-pot-with-4-cups-large-capacity-water-kettle-set-p-1861972080167112704.html,广州尚潮牌服装有限公司,"['18028699626', '13800138000', '13760850228', '17576091381']",10000,11.70,<em>广州</em>市海珠区南华东路富基南二街23号二层1165房（仅限办公）
https://www.cjdropshipping.cn/product/1600-ml-cooling-water-kettle-tea-pot-coffee-pot-with-4-cups-large-capacity-water-kettle-set-p-1859616510465904642.html,bybyb,"['13356602788', '0546-7363188', '0546-7361789']",5,94.71,东营区北二路（八分场）
https://www.cjdropshipping.cn/product/1600-ml-cooling-water-kettle-tea-pot-coffee-pot-with-4-cups-large-capacity-water-kettle-set-p-1858319014620450816.html,天机开品,"['13714297812', '0755-86226836']",1380,20.00,深圳市前海深港合作区南山街道前海青年梦工场7号楼309
https://www.cjdropshipping.cn/product/1600-ml-cooling-water-kettle-tea-pot-coffee-pot-with-4-cups-large-capacity-water-kettle-set-p-1859424121093246976.html,dlober,暂无,100,28.41 -- 30.69,暂无
https://www.cjdropshipping.cn/product/1600-ml-cooling-water-kettle-tea-pot-coffee-pot-with-4-cups-large-capacity-water-kettle-set-p-1872168649878859778.html,jiujiu2,暂无,103,26.17,暂无
https://www.cjdropshipping.cn/product/1600-ml-cooling-water-kettle-tea-pot-coffee-pot-with-4-cups-large-capacity-water-kettle-set-p-1845760626191650816.html,杭州好年轻健康有限公司,[],8905,9.36 -- 18.84,浙江省杭州市西湖区西溪银泰商业中心2号楼南楼607室-2（自主申报）
https://www.cjdropshipping.cn/product/1600-ml-cooling-water-kettle-tea-pot-coffee-pot-with-4-cups-large-capacity-water-kettle-set-p-1859488769255559168.html,大建云仓,"['0512-62858881', '0512-62852287']",224,184.82,中国（江苏）自由贸易试验区苏州片区苏州工业园区星湖街328号创意产业园18号楼
https://www.cjdropshipping.cn/product/1600-ml-cooling-water-kettle-tea-pot-coffee-pot-with-4-cups-large-capacity-water-kettle-set-p-1849389965747572736.html,yoonyo,['18822303963'],38,243.50,延吉市延河西路6777-158号万达广场购物中心10-58
https://www.cjdropshipping.cn/product/1600-ml-cooling-water-kettle-tea-pot-coffee-pot-with-4-cups-large-capacity-water-kettle-set-p-1874662876189478914.html,yuting,['010-65483355'],2782,49.44 -- 98.88,北京市朝阳区朝阳北路27号18幢
https://www.cjdropshipping.cn/product/1600-ml-cooling-water-kettle-tea-pot-coffee-pot-with-4-cups-large-capacity-water-kettle-set-p-1861238831035863040.html,jiujiu,"['0317-2735961', '0317-2735248', '0317-2735086', '15030761661']",66,4.21,河北任丘经济开发区金华路303
https://www.cjdropshipping.cn/product/1600-ml-cooling-water-kettle-tea-pot-coffee-pot-with-4-cups-large-capacity-water-kettle-set-p-1880488749416742914.html,广州尚潮牌服装有限公司,"['18028699626', '13800138000', '13760850228', '17576091381']",10000,11.70,<em>广州</em>市海珠区南华东路富基南二街23号二层1165房（仅限办公）
https://www.cjdropshipping.cn/product/1600-ml-cooling-water-kettle-tea-pot-coffee-pot-with-4-cups-large-capacity-water-kettle-set-p-1867493814966308864.html,jiujiu2,暂无,1987,46.97,暂无
https://www.cjdropshipping.cn/product/1600-ml-cooling-water-kettle-tea-pot-coffee-pot-with-4-cups-large-capacity-water-kettle-set-p-1860587459726692352.html,dlober,暂无,100,15.34 -- 17.61,暂无
https://www.cjdropshipping.cn/product/1600-ml-cooling-water-kettle-tea-pot-coffee-pot-with-4-cups-large-capacity-water-kettle-set-p-1881989309419597825.html,adong,['020-82031803'],93,53.15,广州市黄埔区黄埔大道东983号3808房
https://www.cjdropshipping.cn/product/1600-ml-cooling-water-kettle-tea-pot-coffee-pot-with-4-cups-large-capacity-water-kettle-set-p-1859785045259997184.html,大建云仓,"['0512-62858881', '0512-62852287']",16,166.13,中国（江苏）自由贸易试验区苏州片区苏州工业园区星湖街328号创意产业园18号楼
https://www.cjdropshipping.cn/product/1600-ml-cooling-water-kettle-tea-pot-coffee-pot-with-4-cups-large-capacity-water-kettle-set-p-1831956899001421824.html,Myyshop INC,暂无,1032,8.13,暂无
https://www.cjdropshipping.cn/product/1600-ml-cooling-water-kettle-tea-pot-coffee-pot-with-4-cups-large-capacity-water-kettle-set-p-1864964196885770242.html,bybyb,"['13356602788', '0546-7363188', '0546-7361789']",3,63.07,东营区北二路（八分场）
https://www.cjdropshipping.cn/product/1600-ml-cooling-water-kettle-tea-pot-coffee-pot-with-4-cups-large-capacity-water-kettle-set-p-1856614274316521472.html,广州尚潮牌服装有限公司,"['18028699626', '13800138000', '13760850228', '17576091381']",10000,14.20,<em>广州</em>市海珠区南华东路富基南二街23号二层1165房（仅限办公）
https://www.cjdropshipping.cn/product/1600-ml-cooling-water-kettle-tea-pot-coffee-pot-with-4-cups-large-capacity-water-kettle-set-p-1865289022105866240.html,adong,['020-82031803'],29,32.66,广州市黄埔区黄埔大道东983号3808房
https://www.cjdropshipping.cn/product/1600-ml-cooling-water-kettle-tea-pot-coffee-pot-with-4-cups-large-capacity-water-kettle-set-p-1868903197310865408.html,万邑链,"['16675586621', '0755-86039066', '15019400546']",181,10.58,深圳市前海深港合作区前湾一路1号A栋201室（入驻深圳市前海商务秘书有限公司）
https://www.cjdropshipping.cn/product/1600-ml-cooling-water-kettle-tea-pot-coffee-pot-with-4-cups-large-capacity-water-kettle-set-p-1859436442511364096.html,大建云仓,"['0512-62858881', '0512-62852287']",464,139.38,中国（江苏）自由贸易试验区苏州片区苏州工业园区星湖街328号创意产业园18号楼
https://www.cjdropshipping.cn/product/1600-ml-cooling-water-kettle-tea-pot-coffee-pot-with-4-cups-large-capacity-water-kettle-set-p-1873631034267332609.html,yuting,['010-65483355'],747,87.55 -- 103.00,北京市朝阳区朝阳北路27号18幢
https://www.cjdropshipping.cn/product/1600-ml-cooling-water-kettle-tea-pot-coffee-pot-with-4-cups-large-capacity-water-kettle-set-p-1879801722649882626.html,jiujiu2,暂无,143,176.80,暂无
https://www.cjdropshipping.cn/product/1600-ml-cooling-water-kettle-tea-pot-coffee-pot-with-4-cups-large-capacity-water-kettle-set-p-1859613677440045058.html,bybyb,"['13356602788', '0546-7363188', '0546-7361789']",20,16.33,东营区北二路（八分场）
https://www.cjdropshipping.cn/product/1600-ml-cooling-water-kettle-tea-pot-coffee-pot-with-4-cups-large-capacity-water-kettle-set-p-1867551020097097728.html,XIONG ZHANG LLC,暂无,55,18.80,暂无
https://www.cjdropshipping.cn/product/1600-ml-cooling-water-kettle-tea-pot-coffee-pot-with-4-cups-large-capacity-water-kettle-set-p-1879105215905038337.html,广州尚潮牌服装有限公司,"['18028699626', '13800138000', '13760850228', '17576091381']",10000,11.70,<em>广州</em>市海珠区南华东路富基南二街23号二层1165房（仅限办公）
https://www.cjdropshipping.cn/product/1600-ml-cooling-water-kettle-tea-pot-coffee-pot-with-4-cups-large-capacity-water-kettle-set-p-1860942531279081472.html,北斯集团,[],217,8.98,浙江省义乌市福田街道中福广场1号楼1701室（自主申报）
https://www.cjdropshipping.cn/product/1600-ml-cooling-water-kettle-tea-pot-coffee-pot-with-4-cups-large-capacity-water-kettle-set-p-1860612953872420864.html,dlober,暂无,100,15.34 -- 17.61,暂无
https://www.cjdropshipping.cn/product/1600-ml-cooling-water-kettle-tea-pot-coffee-pot-with-4-cups-large-capacity-water-kettle-set-p-1862011799164833792.html,Fulian,"['0511-80760088', '0511-80760106']",7,8.70,丹阳市开发区永安社区（兰陵路南侧）
https://www.cjdropshipping.cn/product/1600-ml-cooling-water-kettle-tea-pot-coffee-pot-with-4-cups-large-capacity-water-kettle-set-p-1870001191214665729.html,yoonyo,['18822303963'],20,122.52,延吉市延河西路6777-158号万达广场购物中心10-58
https://www.cjdropshipping.cn/product/1600-ml-cooling-water-kettle-tea-pot-coffee-pot-with-4-cups-large-capacity-water-kettle-set-p-1851091681262063616.html,诸暨市大语电子商务有限公司,[],500,25.41,浙江省绍兴市诸暨市大唐街道凯翔大道79号3楼303
https://www.cjdropshipping.cn/product/1600-ml-cooling-water-kettle-tea-pot-coffee-pot-with-4-cups-large-capacity-water-kettle-set-p-1875082541047644161.html,浙江华欧桥科技有限公司,['0571-88298116'],15,96.00,浙江省杭州市临平区南苑街道迎宾同济中心2幢2402室
https://www.cjdropshipping.cn/product/1600-ml-cooling-water-kettle-tea-pot-coffee-pot-with-4-cups-large-capacity-water-kettle-set-p-1834860645909942272.html,摩尔普斯进出口贸易（广州）有限公司,"['020-38181035', '13570281939']",5,20.23,广州市天河区元岗北街91号之三3楼C3377室
https://www.cjdropshipping.cn/product/1600-ml-cooling-water-kettle-tea-pot-coffee-pot-with-4-cups-large-capacity-water-kettle-set-p-1855114979767635968.html,shiiecj,暂无,51,28.31,暂无
https://www.cjdropshipping.cn/product/1600-ml-cooling-water-kettle-tea-pot-coffee-pot-with-4-cups-large-capacity-water-kettle-set-p-1879013812738883586.html,杭州优汀科技有限公司,['18069785946'],100,12.00,浙江省杭州市上城区九环路48号8幢8层807室
https://www.cjdropshipping.cn/product/1600-ml-cooling-water-kettle-tea-pot-coffee-pot-with-4-cups-large-capacity-water-kettle-set-p-1880526495422251009.html,Suit Up,"['13923743109', '13823651633']",100,373.43,深圳市前海深港合作区前湾一路1号A栋201室（入驻深圳市前海商务秘书有限公司）
https://www.cjdropshipping.cn/product/1600-ml-cooling-water-kettle-tea-pot-coffee-pot-with-4-cups-large-capacity-water-kettle-set-p-1860152662499938304.html,jiujiu,"['0317-2735961', '0317-2735248', '0317-2735086', '15030761661']",765,7.52,河北任丘经济开发区金华路303
https://www.cjdropshipping.cn/product/1600-ml-cooling-water-kettle-tea-pot-coffee-pot-with-4-cups-large-capacity-water-kettle-set-p-1703982104855859200.html,广州雅驰科技有限公司,['18028565079'],22,36.99,广州市越秀区三元里大道165号粤侨大厦8楼805室J32房号
https://www.cjdropshipping.cn/product/1600-ml-cooling-water-kettle-tea-pot-coffee-pot-with-4-cups-large-capacity-water-kettle-set-p-1831884801310609408.html,Myyshop INC,暂无,109,8.13,暂无
https://www.cjdropshipping.cn/product/1600-ml-cooling-water-kettle-tea-pot-coffee-pot-with-4-cups-large-capacity-water-kettle-set-p-1829363082217803776.html,广州市鑫依风尚服饰批发商行,['13824349802'],20,16.40,深圳市龙华区龙华街道东环一路上油松中泰科技园2栋201
https://www.cjdropshipping.cn/product/1600-ml-cooling-water-kettle-tea-pot-coffee-pot-with-4-cups-large-capacity-water-kettle-set-p-1880072788328755201.html,youshang,[],120,233.77,东西湖区新沟镇街办事处纺新街41号（14）
https://www.cjdropshipping.cn/product/1600-ml-cooling-water-kettle-tea-pot-coffee-pot-with-4-cups-large-capacity-water-kettle-set-p-1864562748915863552.html,SANVEN TECHNOLOGY LTD.,暂无,493,260.35,暂无
https://www.cjdropshipping.cn/product/1600-ml-cooling-water-kettle-tea-pot-coffee-pot-with-4-cups-large-capacity-water-kettle-set-p-1546656868595552256.html,范楠,['18538788011'],972,12.86,郑州市二七区长江路369付3号
https://www.cjdropshipping.cn/product/1600-ml-cooling-water-kettle-tea-pot-coffee-pot-with-4-cups-large-capacity-water-kettle-set-p-1814574688774279168.html,Anna,"['0571-86062166', '0571-88920489', '15967122499', '0571-87018262', '0571-87210231']",13970,8.74,浙江省杭州经济技术开发区文渊北路166号2幢301室
https://www.cjdropshipping.cn/product/1600-ml-cooling-water-kettle-tea-pot-coffee-pot-with-4-cups-large-capacity-water-kettle-set-p-1638059170174226432.html,康泰医学系统（秦皇岛）股份有限公司,"['0335-8508888', '0335-8015589', '18133858792', '0335-8015555', '13933568408', '0592-2087223']",50,639,秦皇岛市经济技术开发区秦皇西大街112号
https://www.cjdropshipping.cn/product/1600-ml-cooling-water-kettle-tea-pot-coffee-pot-with-4-cups-large-capacity-water-kettle-set-p-1679349596654817280.html,厦门鹭无央生物科技有限公司,['18030239932'],240,8.62,厦门火炬高新区软件园三期集美北大道1112号201-7单元
https://www.cjdropshipping.cn/product/1600-ml-cooling-water-kettle-tea-pot-coffee-pot-with-4-cups-large-capacity-water-kettle-set-p-1882352311447367682.html,壕麦科技（深圳）有限公司,['13544057663'],49,25.26,深圳市龙岗区宝龙街道同心社区中骏蓝湾翠岭花园一期11、12栋12-602
https://www.cjdropshipping.cn/product/1600-ml-cooling-water-kettle-tea-pot-coffee-pot-with-4-cups-large-capacity-water-kettle-set-p-1849996629169295360.html,dbjjj,暂无,76,129.53,暂无
https://www.cjdropshipping.cn/product/1600-ml-cooling-water-kettle-tea-pot-coffee-pot-with-4-cups-large-capacity-water-kettle-set-p-1841021360223965184.html,Universalmaax,暂无,500,8.08 -- 16.13,暂无
https://www.cjdropshipping.cn/product/1600-ml-cooling-water-kettle-tea-pot-coffee-pot-with-4-cups-large-capacity-water-kettle-set-p-1856222998307950592.html,天机开品,"['13714297812', '0755-86226836']",500,356.00,深圳市前海深港合作区南山街道前海青年梦工场7号楼309
https://www.cjdropshipping.cn/product/1600-ml-cooling-water-kettle-tea-pot-coffee-pot-with-4-cups-large-capacity-water-kettle-set-p-1835611078777524224.html,The Diverse Depot,暂无,200,9.45,暂无
https://www.cjdropshipping.cn/product/1600-ml-cooling-water-kettle-tea-pot-coffee-pot-with-4-cups-large-capacity-water-kettle-set-p-1694925446448041984.html,KT AT Marketing LTD,暂无,260,9.09,暂无
https://www.cjdropshipping.cn/product/1600-ml-cooling-water-kettle-tea-pot-coffee-pot-with-4-cups-large-capacity-water-kettle-set-p-1877259101704966146.html,佛山市禅城区壁臻优选贸易商行,[],100,15.60,佛山市禅城区石湾镇街道金源街2号金子苑12栋503房（住所申报）
https://www.cjdropshipping.cn/product/1600-ml-cooling-water-kettle-tea-pot-coffee-pot-with-4-cups-large-capacity-water-kettle-set-p-1847116352361222144.html,杭州印鱼科技有限公司,"['0571-88992838', '0571-88992818']",50,37.37,浙江省杭州市余杭区五常街道联胜路10号2幢303-1室
https://www.cjdropshipping.cn/product/1600-ml-cooling-water-kettle-tea-pot-coffee-pot-with-4-cups-large-capacity-water-kettle-set-p-1877241514918838273.html,深圳壹贝斯特科技有限公司,['15279809551'],50,12.99,深圳市龙华区民治街道新牛社区民治大道与工业东路交汇处展滔科技大厦A座1507
https://www.cjdropshipping.cn/product/1600-ml-cooling-water-kettle-tea-pot-coffee-pot-with-4-cups-large-capacity-water-kettle-set-p-1649596507207127040.html,上海隶孟电子商务有限公司,"['15270287608', '15000451258']",200,8.27,上海市奉贤区民乐路88号1幢4495室
https://www.cjdropshipping.cn/product/1600-ml-cooling-water-kettle-tea-pot-coffee-pot-with-4-cups-large-capacity-water-kettle-set-p-304DA67C-A5DF-4CDA-B87D-67A9422C6C48.html,Body & Health Group LLC,暂无,12379,1.65,暂无
https://www.cjdropshipping.cn/product/1600-ml-cooling-water-kettle-tea-pot-coffee-pot-with-4-cups-large-capacity-water-kettle-set-p-1836684828675559424.html,南京自由火户外用品有限公司,"['15312071990', '13585153349', '17705192277', '15380799070']",9,85.56,南京市六合区龙池街道雄州南路399号恒旺园区329幢二单元202室
https://www.cjdropshipping.cn/product/1600-ml-cooling-water-kettle-tea-pot-coffee-pot-with-4-cups-large-capacity-water-kettle-set-p-1866375915207806976.html,深圳找品网络科技有限公司,['15999525323'],49,1035.00,深圳市龙岗区龙岗街道南联社区南联路56号101
https://www.cjdropshipping.cn/product/1600-ml-cooling-water-kettle-tea-pot-coffee-pot-with-4-cups-large-capacity-water-kettle-set-p-1836367302460592128.html,浙江杰克巴乔鞋业有限公司,"['15606657711', '0577-66865400']",30,11.04,瑞安市安阳街道瑞祥大道1100号三层
https://www.cjdropshipping.cn/product/1600-ml-cooling-water-kettle-tea-pot-coffee-pot-with-4-cups-large-capacity-water-kettle-set-p-1857373535258693632.html,深圳市淼客空间科技有限公司,['15302790798'],10,184.00,深圳市龙岗区布吉街道布吉中心广场B座15楼1505
https://www.cjdropshipping.cn/product/1600-ml-cooling-water-kettle-tea-pot-coffee-pot-with-4-cups-large-capacity-water-kettle-set-p-1816341193220313088.html,苏州若态电子商务有限公司,['0512-62621626'],100,82.79,中国（江苏）自由贸易试验区苏州片区苏州工业园区星湖街328号崇文路国华大厦B301
https://www.cjdropshipping.cn/product/1600-ml-cooling-water-kettle-tea-pot-coffee-pot-with-4-cups-large-capacity-water-kettle-set-p-1876190563140399106.html,深圳蓝讯智能实业有限公司,['18823312250'],96,15.50,深圳市福田区福田街道福山社区彩田路2010号中深花园B座610
https://www.cjdropshipping.cn/product/1600-ml-cooling-water-kettle-tea-pot-coffee-pot-with-4-cups-large-capacity-water-kettle-set-p-2408150544151612100.html,PHOFAY,['17764509266'],12780,1.99,浙江省杭州市西湖区钱江浙商创投中心2幢414室-7
https://www.cjdropshipping.cn/product/1600-ml-cooling-water-kettle-tea-pot-coffee-pot-with-4-cups-large-capacity-water-kettle-set-p-1871032631430107136.html,深圳市虎添翼管理咨询有限公司,"['15818640078', '15817437276']",30,510.00,深圳市龙华区大浪街道陶元社区鹊山工业区27栋 311
https://www.cjdropshipping.cn/product/1600-ml-cooling-water-kettle-tea-pot-coffee-pot-with-4-cups-large-capacity-water-kettle-set-p-96CD4F5E-06D5-43F1-9B4F-2ED62EFC62A2.html,北京灵智恒达商贸有限公司,"['15810796633', '010-53636566', '17316032263', '18513885225']",1000,57.96 -- 73.59,北京市丰台区菜户营58号1102室(太平桥企业集中办公区)
https://www.cjdropshipping.cn/product/1600-ml-cooling-water-kettle-tea-pot-coffee-pot-with-4-cups-large-capacity-water-kettle-set-p-1613096604653686786.html,义乌市雅菲妮饰品有限公司,"['15068069222', '15958488253', '0579-81067809', '15957979631']",5,18.39,中国（浙江）自由贸易试验区金华市义乌市福田街道中福广场1号楼18楼（自主申报）
https://www.cjdropshipping.cn/product/1600-ml-cooling-water-kettle-tea-pot-coffee-pot-with-4-cups-large-capacity-water-kettle-set-p-1506558006682079232.html,深圳执一科技有限公司,"['17620305918', '18676739732']",18,78.20,<em>深圳</em>市龙岗区坂田街道象角塘社区中浩一路2号科尔达工业厂房二期三层303
